{
  "random_accuracy": [
    0.586,
    0.682,
    0.738,
    0.758,
    0.79,
    0.816,
    0.825,
    0.836,
    0.843,
    0.818,
    0.825
  ],
  "random_samples": [
    50,
    100,
    150,
    200,
    250,
    300,
    350,
    400,
    450,
    500,
    550
  ],
  "curious_accuracy": [
    0.634,
    0.683,
    0.71,
    0.742,
    0.739,
    0.753,
    0.769,
    0.763,
    0.745,
    0.78,
    0.769
  ],
  "curious_samples": [
    50,
    100,
    150,
    200,
    250,
    300,
    350,
    400,
    450,
    500,
    550
  ],
  "curiosity_scores": [
    0,
    1.836637454032898,
    1.363892478942871,
    1.2707065534591675,
    1.193087887763977,
    1.1405837535858154,
    1.0769222593307495,
    1.0610674619674683,
    1.0239784288406373,
    1.0069524347782135,
    0.9907152307033539
  ],
  "summary": {
    "final_random_accuracy": 0.825,
    "final_curious_accuracy": 0.769,
    "random_samples_to_80": 300.0,
    "curious_samples_to_80": 550.0,
    "random_samples_to_90": 550.0,
    "curious_samples_to_90": 550.0,
    "sample_efficiency_80": 0.5454545454545454,
    "sample_efficiency_90": 1.0,
    "total_samples_used": 550.0
  }
}