{
  "random_accuracy": [
    0.586,
    0.682,
    0.736,
    0.767,
    0.799,
    0.812,
    0.809,
    0.824,
    0.84,
    0.822,
    0.835
  ],
  "random_samples": [
    50,
    100,
    150,
    200,
    250,
    300,
    350,
    400,
    450,
    500,
    550
  ],
  "curious_accuracy": [
    0.634,
    0.656,
    0.714,
    0.787,
    0.816,
    0.843,
    0.857,
    0.887,
    0.876,
    0.879,
    0.88
  ],
  "curious_samples": [
    50,
    100,
    150,
    200,
    250,
    300,
    350,
    400,
    450,
    500,
    550
  ],
  "curiosity_scores": [
    0,
    3.113064560890198,
    2.6742794704437256,
    2.556747975349426,
    2.3072057819366454,
    2.1607353353500365,
    2.1346026611328126,
    2.1367258501052855,
    2.134327199459076,
    2.100676271915436,
    2.13904043674469
  ],
  "summary": {
    "final_random_accuracy": 0.835,
    "final_curious_accuracy": 0.88,
    "random_samples_to_80": 300.0,
    "curious_samples_to_80": 250.0,
    "random_samples_to_90": 550.0,
    "curious_samples_to_90": 550.0,
    "sample_efficiency_80": 1.2,
    "sample_efficiency_90": 1.0,
    "total_samples_used": 550.0
  }
}