{
  "RAW": {
    "mode": "RAW",
    "accuracy_matrix": [
      [
        1.0,
        0.0,
        0.0,
        0.0,
        0.0,
        0.0,
        0.0,
        0.0,
        0.0,
        0.0
      ],
      [
        1.0,
        0.898,
        0.0,
        0.0,
        0.0,
        0.0,
        0.0,
        0.0,
        0.0,
        0.0
      ],
      [
        0.978,
        1.0,
        0.266,
        0.0,
        0.0,
        0.0,
        0.0,
        0.0,
        0.0,
        0.0
      ],
      [
        0.974,
        0.988,
        0.642,
        0.45,
        0.0,
        0.0,
        0.0,
        0.0,
        0.0,
        0.0
      ],
      [
        0.886,
        0.986,
        0.846,
        0.574,
        0.388,
        0.0,
        0.0,
        0.0,
        0.0,
        0.0
      ],
      [
        0.958,
        0.954,
        0.858,
        0.536,
        0.902,
        0.57,
        0.0,
        0.0,
        0.0,
        0.0
      ],
      [
        0.746,
        0.934,
        0.796,
        0.832,
        0.976,
        0.71,
        0.22,
        0.0,
        0.0,
        0.0
      ],
      [
        0.858,
        0.938,
        0.806,
        0.6,
        0.74,
        0.832,
        0.772,
        0.662,
        0.0,
        0.0
      ],
      [
        0.872,
        0.944,
        0.852,
        0.442,
        0.74,
        0.788,
        0.876,
        0.866,
        0.0,
        0.0
      ],
      [
        0.75,
        0.938,
        0.826,
        0.752,
        0.62,
        0.836,
        0.864,
        0.658,
        0.0,
        0.012
      ]
    ],
    "final_accuracy": 0.6255999999999999,
    "avg_forgetting": -0.19888888888888884,
    "retention": 1.198888888888889,
    "memory_stats": {
      "storage_type": "raw",
      "total_memories": 500,
      "floats_per_memory": 784,
      "total_floats": 392000,
      "bytes": 1568000,
      "megabytes": 1.495361328125
    }
  },
  "LATENT": {
    "mode": "LATENT",
    "accuracy_matrix": [
      [
        1.0,
        0.0,
        0.0,
        0.0,
        0.0,
        0.0,
        0.0,
        0.0,
        0.0,
        0.0
      ],
      [
        0.266,
        0.714,
        0.0,
        0.0,
        0.0,
        0.0,
        0.0,
        0.0,
        0.0,
        0.0
      ],
      [
        0.834,
        0.94,
        0.246,
        0.0,
        0.0,
        0.0,
        0.0,
        0.0,
        0.0,
        0.0
      ],
      [
        0.178,
        0.982,
        0.206,
        0.504,
        0.0,
        0.0,
        0.0,
        0.0,
        0.0,
        0.0
      ],
      [
        0.066,
        0.68,
        0.112,
        0.31,
        0.474,
        0.0,
        0.0,
        0.0,
        0.0,
        0.0
      ],
      [
        0.1,
        0.914,
        0.284,
        0.006,
        0.732,
        0.58,
        0.0,
        0.0,
        0.0,
        0.0
      ],
      [
        0.002,
        0.82,
        0.082,
        0.502,
        0.494,
        0.152,
        0.182,
        0.0,
        0.0,
        0.0
      ],
      [
        0.0,
        0.48,
        0.466,
        0.448,
        0.27,
        0.206,
        0.712,
        0.622,
        0.0,
        0.0
      ],
      [
        0.0,
        0.148,
        0.0,
        0.232,
        0.118,
        0.0,
        0.852,
        0.912,
        0.292,
        0.0
      ],
      [
        0.0,
        0.168,
        0.372,
        0.088,
        0.164,
        0.102,
        0.124,
        0.082,
        0.0,
        0.72
      ]
    ],
    "final_accuracy": 0.182,
    "avg_forgetting": 0.3904444444444444,
    "retention": 0.6095555555555556,
    "memory_stats": {
      "storage_type": "latent",
      "total_memories": 500,
      "floats_per_memory": 20,
      "total_floats": 10000,
      "bytes": 40000,
      "megabytes": 0.03814697265625
    }
  }
}