{
  "random_accuracy": [
    0.586,
    0.669,
    0.737,
    0.737,
    0.737,
    0.737,
    0.737,
    0.737,
    0.737,
    0.737,
    0.737
  ],
  "random_samples": [
    50,
    100,
    150,
    200,
    250,
    300,
    350,
    400,
    450,
    500,
    550
  ],
  "curious_accuracy": [
    0.634,
    0.689,
    0.716,
    0.716,
    0.716,
    0.716,
    0.716,
    0.716,
    0.716,
    0.716,
    0.716
  ],
  "curious_samples": [
    50,
    100,
    150,
    200,
    250,
    300,
    350,
    400,
    450,
    500,
    550
  ],
  "curiosity_scores": [
    0,
    1.8389279699325563,
    1.4183407855033874,
    1.4055355072021485,
    1.3690267729759216,
    1.3474854278564452,
    1.328706500530243,
    1.313517861366272,
    1.2841676044464112,
    1.2596988010406494,
    1.2405566453933716
  ],
  "summary": {
    "final_random_accuracy": 0.737,
    "final_curious_accuracy": 0.716,
    "random_samples_to_80": 550.0,
    "curious_samples_to_80": 550.0,
    "random_samples_to_90": 550.0,
    "curious_samples_to_90": 550.0,
    "sample_efficiency_80": 1.0,
    "sample_efficiency_90": 1.0,
    "total_samples_used": 550.0
  }
}